email,mobile,e_id,p_id,unique_id
user1@gmail.com,9876543210,3477862311738154899,6735758909334635121,-3581940449777381695
user2@gmail.com,9876543210,154418177363380876,6735758909334635121,-3581940449777381695
user2@gmail.com,9876543211,154418177363380876,6180136191515417560,-3581940449777381695
user3@gmail.com,9876543211,-3581940449777381695,6180136191515417560,-3581940449777381695
isolated1@test.com,5555555555,-3116568447458328011,93219273855047235,-3116568447458328011
isolated2@test.com,6666666666,306914116284957348,-3820913686893122563,-3820913686893122563
a@gmail.com,P1,5498182026580060592,-6950608549380497860,-6950608549380497860
b@gmail.com,P1,577909764953357708,-6950608549380497860,-6950608549380497860
c@gmail.com,P1,-2984335278247162896,-6950608549380497860,-6950608549380497860
d@gmail.com,P2,-9054984985082946096,4315516402570275440,-9054984985082946096
e@gmail.com,P2,-5939163175204401660,4315516402570275440,-9054984985082946096
a@gmail.com,P4,5498182026580060592,5214937327998561493,-6950608549380497860
